id,object_name,object_id,start_time,end_time,duration
eztv.re,person,53274467,2219.592,2241.990,22.39737500000001
eztv.re,person,1a6731f1,2221.845,2241.990,20.145125000000007
eztv.re,person,56763f09,626.626,645.144,18.518500000000017
eztv.re,person,8ea993b1,1124.123,1142.516,18.393374999999878
eztv.re,person,1d33aab1,1877.876,1895.644,17.767749999999978
eztv.re,person,d6b59c74,626.626,644.018,17.392375000000015
eztv.re,person,4df8b2b2,1042.166,1058.432,16.266250000000127
eztv.re,person,c25565c7,142.643,158.784,16.141124999999988
eztv.re,person,6d1e893a,1917.040,1931.555,14.514499999999998
eztv.re,person,ddd4b092,1917.416,1931.555,14.139124999999922
eztv.re,person,a1bcc9eb,762.887,776.526,13.638625000000047
eztv.re,person,06639d6f,2540.288,2553.926,13.638625000000047
eztv.re,person,2fbf59e4,762.887,776.526,13.638625000000047
eztv.re,person,6abcb5d1,762.887,776.150,13.263250000000085
eztv.re,person,bb63bdcd,1255.880,1269.018,13.138124999999945
eztv.re,person,d74dab0d,1042.166,1055.054,12.887875000000122
eztv.re,person,c810809b,1405.279,1417.666,12.38737500000002
eztv.re,person,9664f0dd,1942.315,1954.077,11.76175000000012
eztv.re,person,22b7bfee,1896.019,1907.781,11.761749999999893
eztv.re,person,7b087208,1942.440,1954.077,11.636625000000095
eztv.re,person,fe1c3716,2154.527,2166.039,11.51150000000007
eztv.re,person,03eb675f,147.522,158.784,11.26124999999999
eztv.re,person,5ad6aff5,46.672,57.808,11.136125
eztv.re,person,0b646af0,2437.310,2448.446,11.136124999999993
eztv.re,person,0a5b892b,417.792,428.928,11.136124999999993
eztv.re,person,267e68e1,765.390,776.526,11.136124999999993
eztv.re,person,72653036,1412.036,1422.796,10.760749999999916
eztv.re,person,0d854fb1,548.798,559.559,10.760749999999916
eztv.re,person,a5c4469b,548.798,559.559,10.760749999999916
eztv.re,person,41a288f8,1701.700,1712.336,10.63562499999989
eztv.re,person,b59c79cb,1143.017,1153.402,10.385375000000067
eztv.re,person,b615a9f4,2070.944,2080.954,10.010000000000218
eztv.re,person,4b37276a,466.591,476.601,10.010000000000048
eztv.re,person,ab4ff79c,2525.023,2535.032,10.009999999999764
eztv.re,person,40450e7a,1897.896,1907.781,9.884874999999965
eztv.re,person,015181b3,2525.148,2535.032,9.884874999999738
eztv.re,person,aac197e9,1027.026,1036.786,9.75974999999994
eztv.re,person,7bdae126,1027.026,1036.786,9.75974999999994
eztv.re,person,05c29019,1412.161,1421.795,9.634624999999915
eztv.re,person,83bc7c39,910.660,920.169,9.509500000000003
eztv.re,person,9cd9361d,1405.404,1414.663,9.259250000000065
eztv.re,person,41257b03,1245.870,1255.004,9.13412500000004
eztv.re,person,7bb6bc7b,1307.431,1316.565,9.13412500000004
eztv.re,person,c0b95032,2476.724,2485.858,9.134124999999585
eztv.re,person,06087617,482.607,491.616,9.009000000000015
eztv.re,person,7723d3a9,482.607,491.616,9.009000000000015
eztv.re,person,b6cac37a,1437.311,1446.195,8.883875000000216
eztv.re,person,edbda1bb,1437.311,1446.195,8.883875000000216
eztv.re,person,b3e5518d,1437.311,1446.195,8.883875000000216
eztv.re,person,83098333,1437.311,1446.195,8.883875000000216
eztv.re,person,60d9b56c,1387.386,1396.270,8.883874999999989
eztv.re,person,858bc8de,2371.869,2380.628,8.758750000000418
eztv.re,person,b350e266,1396.395,1405.154,8.758749999999964
eztv.re,person,88c432de,2540.288,2549.046,8.758749999999964
eztv.re,person,fe1aa405,1428.552,1437.186,8.633625000000166
eztv.re,person,88c4ab9f,1307.431,1315.940,8.508499999999913
eztv.re,person,ce0786c0,1396.395,1404.903,8.508499999999913
eztv.re,person,1c07bcd8,1101.475,1109.984,8.508499999999913
eztv.re,person,b4e84291,1779.403,1787.786,8.383375000000115
eztv.re,person,fd1225cd,2477.600,2485.858,8.258249999999862
eztv.re,person,734eb346,1204.203,1212.336,8.133125000000064
eztv.re,person,4dd7b02e,1204.203,1212.336,8.133125000000064
eztv.re,person,52b7825b,1778.527,1786.660,8.133125000000064
eztv.re,person,bf5098e2,1429.303,1437.186,7.882875000000013
eztv.re,person,11a6c87c,1414.038,1421.795,7.757749999999987
eztv.re,person,cc2125a9,1338.963,1346.595,7.632625000000189
eztv.re,person,dcf20c49,1470.969,1478.477,7.507500000000164
eztv.re,person,ac1b8b86,581.831,589.339,7.50750000000005
eztv.re,person,3886217c,581.831,589.339,7.50750000000005
eztv.re,person,84e6d73d,247.622,255.130,7.507499999999993
eztv.re,person,03bebe08,235.986,243.493,7.507499999999993
eztv.re,person,2c2ce3ef,618.993,626.501,7.507499999999936
eztv.re,person,3621b6df,618.993,626.501,7.507499999999936
eztv.re,person,5b373227,933.683,941.190,7.507499999999936
eztv.re,person,7ffa2d86,618.993,626.501,7.507499999999936
eztv.re,person,6b407f51,933.683,941.190,7.507499999999936
eztv.re,person,24788ef3,2463.086,2470.593,7.507499999999709
eztv.re,person,5a8f5866,1416.290,1423.672,7.382375000000138
eztv.re,person,514cbe04,630.630,638.012,7.382375000000025
eztv.re,person,5deac480,646.771,654.154,7.382375000000025
eztv.re,person,e0dd33d4,435.810,443.193,7.382374999999968
eztv.re,person,23cbd6d3,1177.551,1184.934,7.382374999999911
eztv.re,person,ec14f643,1414.163,1421.420,7.257250000000113
eztv.re,person,433f1732,1293.167,1300.424,7.257250000000113
eztv.re,person,8835e0a4,101.351,108.609,7.257250000000013
eztv.re,person,e9741859,1389.263,1396.270,7.007000000000062
eztv.re,person,9ffaed60,1508.382,1515.389,7.007000000000062
eztv.re,person,98b0337e,1463.837,1470.844,7.0069999999998345
eztv.re,person,9f43a35b,1463.837,1470.844,7.0069999999998345
eztv.re,person,5dde52eb,1622.871,1629.753,6.881875000000036
eztv.re,person,e29bdbf0,1622.871,1629.753,6.881875000000036
eztv.re,person,3f8295d9,1796.795,1803.677,6.881875000000036
eztv.re,person,76514cd6,1763.387,1770.143,6.756750000000011
eztv.re,person,c162c1ac,1763.387,1770.143,6.756750000000011
eztv.re,person,188e8c27,1763.387,1770.143,6.756750000000011
eztv.re,person,671099d5,1763.387,1770.143,6.756750000000011
eztv.re,person,59b63594,172.798,179.554,6.7567499999999825
eztv.re,person,884c3523,172.798,179.554,6.7567499999999825
eztv.re,person,b67fc552,670.545,677.302,6.756749999999897
eztv.re,person,269467b5,670.545,677.302,6.756749999999897
eztv.re,clothing,73ca970b,1123.998,1142.516,18.518499999999904
eztv.re,clothing,82f582cf,1881.380,1895.268,13.888875000000098
eztv.re,clothing,c1b58157,1917.666,1931.555,13.888875000000098
eztv.re,clothing,8735f9c0,762.887,776.526,13.638625000000047
eztv.re,clothing,4eec29e2,762.887,776.526,13.638625000000047
eztv.re,clothing,92413936,1942.315,1954.077,11.76175000000012
eztv.re,clothing,3285389a,2437.310,2448.446,11.136124999999993
eztv.re,clothing,0b63837b,2525.023,2535.032,10.009999999999764
eztv.re,clothing,3ec5b4fc,482.607,491.616,9.009000000000015
eztv.re,clothing,de92b47f,1101.475,1109.984,8.508499999999913
eztv.re,clothing,2ec4a52f,1135.134,1142.516,7.382374999999911
eztv.re,clothing,455de5af,101.351,108.609,7.257250000000013
eztv.re,clothing,22cbeb71,2543.416,2550.673,7.257249999999658
eztv.re,clothing,0370a2be,172.798,179.554,6.7567499999999825
eztv.re,clothing,0172c9bb,1389.889,1396.270,6.3813749999999345
eztv.re,clothing,27ab1b58,1310.309,1316.565,6.256250000000136
eztv.re,clothing,41e40213,1485.609,1491.740,6.131125000000111
eztv.re,clothing,88bc5bc7,2028.151,2034.282,6.131124999999884
eztv.re,clothing,9b8cb928,1712.461,1718.467,6.0060000000000855
eztv.re,clothing,b6055883,2028.526,2034.533,6.0060000000000855
eztv.re,clothing,32a6820c,2329.327,2335.208,5.880874999999833
eztv.re,clothing,26406ff5,2028.777,2034.533,5.755750000000035
eztv.re,clothing,b601c31c,2258.256,2263.887,5.6306250000002365
eztv.re,clothing,604140ca,799.173,804.804,5.630625000000009
eztv.re,clothing,03365ed8,1943.817,1949.447,5.630625000000009
eztv.re,clothing,e620073b,2329.327,2334.958,5.630624999999782
eztv.re,clothing,b70f9a0d,1917.290,1922.796,5.505499999999984
eztv.re,clothing,2f281cc4,1712.961,1718.467,5.505499999999984
eztv.re,clothing,ddde8431,1945.819,1951.199,5.380374999999958
eztv.re,clothing,e6d195e8,1499.123,1504.503,5.380374999999958
eztv.re,clothing,70ccf5ba,2301.424,2306.679,5.25525000000016
eztv.re,clothing,e62c374b,2301.424,2306.679,5.25525000000016
eztv.re,clothing,966445a8,831.706,836.961,5.255250000000046
eztv.re,clothing,bb4c12fa,814.564,819.819,5.255249999999933
eztv.re,clothing,36bca99b,814.564,819.819,5.255249999999933
eztv.re,clothing,afbb0bf0,814.564,819.819,5.255249999999933
eztv.re,clothing,14c97f61,1853.101,1858.231,5.130125000000135
eztv.re,clothing,146cc296,347.597,352.727,5.130125000000021
eztv.re,clothing,a7e327e7,347.597,352.727,5.130125000000021
eztv.re,clothing,8899a0a0,1036.911,1042.041,5.130124999999907
eztv.re,clothing,e68d6662,1391.140,1396.270,5.130124999999907
eztv.re,clothing,20131a8e,1212.461,1217.466,5.004999999999882
eztv.re,clothing,05cbabb5,1540.539,1545.419,4.879875000000084
eztv.re,clothing,ca320ffa,2517.515,2522.395,4.879875000000084
eztv.re,clothing,8b77270d,1391.015,1395.895,4.879875000000084
eztv.re,clothing,92aaf984,2517.515,2522.395,4.879875000000084
eztv.re,clothing,fd78c212,2169.668,2174.422,4.754750000000058
eztv.re,clothing,9634812c,1853.477,1858.231,4.754750000000058
eztv.re,clothing,4d01939c,956.330,961.085,4.7547499999999445
eztv.re,clothing,a79e1c85,702.827,707.582,4.7547499999999445
eztv.re,clothing,87ae5dd6,1853.226,1857.856,4.629625000000033
eztv.re,clothing,1e2fceb0,2331.579,2336.209,4.629625000000033
eztv.re,clothing,bbe3adf1,1155.780,1160.409,4.629625000000033
eztv.re,clothing,ac337247,591.216,595.845,4.629624999999919
eztv.re,clothing,32142245,1459.208,1463.712,4.504500000000007
eztv.re,clothing,cb1d9730,1320.945,1325.449,4.504500000000007
eztv.re,clothing,d01da4ec,1799.172,1803.677,4.504500000000007
eztv.re,clothing,3b3b7585,117.367,121.872,4.504500000000007
eztv.re,clothing,79e964ca,1799.172,1803.677,4.504500000000007
eztv.re,clothing,d7638ade,1799.297,1803.677,4.379375000000209
eztv.re,clothing,dfcb3020,227.853,232.232,4.37937500000001
eztv.re,clothing,ce0a50da,1980.854,1985.233,4.379374999999982
eztv.re,clothing,7a48d330,1391.890,1396.270,4.379374999999982
eztv.re,clothing,c84407b8,2324.823,2329.202,4.379374999999982
eztv.re,clothing,808143d0,984.358,988.738,4.379374999999982
eztv.re,clothing,453b5242,291.166,295.420,4.254249999999956
eztv.re,clothing,d77d7f4c,2264.012,2268.266,4.254249999999956
eztv.re,clothing,20e28b3d,1248.873,1253.127,4.254249999999956
eztv.re,clothing,13404fe0,1392.016,1396.270,4.254249999999956
eztv.re,clothing,ea13c012,718.968,723.222,4.254249999999956
eztv.re,clothing,9f29650b,2264.012,2268.266,4.254249999999956
eztv.re,clothing,994c25e7,2264.012,2268.266,4.254249999999956
eztv.re,clothing,9eff878f,2175.924,2180.178,4.254249999999956
eztv.re,clothing,5b3ed3df,753.127,757.382,4.254249999999956
eztv.re,clothing,6cdf1b99,348.598,352.727,4.129124999999988
eztv.re,clothing,1be6fcf1,1438.938,1443.067,4.129124999999931
eztv.re,clothing,7c4ccb63,1208.082,1212.211,4.129124999999931
eztv.re,clothing,0de75d4b,2282.280,2286.409,4.129124999999931
eztv.re,clothing,e94d7518,1770.769,1774.898,4.129124999999931
eztv.re,clothing,3e87486d,1645.269,1649.273,4.004000000000133
eztv.re,clothing,90d89274,719.218,723.222,4.004000000000019
eztv.re,clothing,e6b5713b,1782.406,1786.410,4.003999999999905
eztv.re,clothing,fc3122e8,1459.833,1463.712,3.8788750000001073
eztv.re,clothing,8a31deb4,1713.712,1717.591,3.8788750000001073
eztv.re,clothing,2c61f1cb,1658.031,1661.910,3.87887499999988
eztv.re,clothing,aa4e25b4,1554.303,1558.182,3.87887499999988
eztv.re,clothing,35519e14,1235.234,1238.988,3.753750000000082
eztv.re,clothing,9789087b,1734.983,1738.737,3.753750000000082
eztv.re,clothing,c98a260c,1781.530,1785.284,3.753750000000082
eztv.re,clothing,adf33746,1734.983,1738.737,3.753750000000082
eztv.re,clothing,f77b2154,118.118,121.872,3.753750000000011
eztv.re,clothing,f8bd15b5,1864.863,1868.617,3.7537499999998545
eztv.re,clothing,918a2616,1904.027,1907.781,3.7537499999998545
eztv.re,clothing,6e63accf,1833.582,1837.335,3.7537499999998545
eztv.re,clothing,b91fb3b3,1845.844,1849.598,3.7537499999998545
eztv.re,clothing,c3441183,1864.863,1868.617,3.7537499999998545
eztv.re,clothing,3d5765b8,1864.863,1868.617,3.7537499999998545
eztv.re,clothing,48409c55,1864.863,1868.617,3.7537499999998545
eztv.re,clothing,71f61b59,1451.200,1454.828,3.6286250000000564
eztv.re,clothing,4788d11f,1373.872,1377.501,3.6286250000000564
eztv.re,outerwear,684f713d,626.751,644.144,17.392375000000015
eztv.re,outerwear,cc71c22e,2540.288,2554.052,13.763750000000073
eztv.re,outerwear,a08af144,762.887,776.526,13.638625000000047
eztv.re,outerwear,b20a3335,548.798,559.559,10.760749999999916
eztv.re,outerwear,79ee55d5,1142.767,1153.402,10.635625000000118
eztv.re,outerwear,19dfb558,47.297,57.808,10.5105
eztv.re,outerwear,5894b74a,2155.779,2166.039,10.26025000000027
eztv.re,outerwear,e490168c,2156.029,2166.039,10.010000000000218
eztv.re,outerwear,28c653b0,2525.023,2535.032,10.009999999999764
eztv.re,outerwear,179c76a6,1027.026,1036.786,9.75974999999994
eztv.re,outerwear,f8d2afc6,910.660,920.169,9.509500000000003
eztv.re,outerwear,7b0de978,417.792,427.052,9.259250000000009
eztv.re,outerwear,e7127d87,482.732,491.616,8.883874999999989
eztv.re,outerwear,79718a47,1520.394,1529.027,8.633624999999938
eztv.re,outerwear,e1a3450e,1204.203,1212.336,8.133125000000064
eztv.re,outerwear,da893c63,1204.203,1212.336,8.133125000000064
eztv.re,outerwear,a1419cd9,1338.963,1346.595,7.632625000000189
eztv.re,outerwear,9c4e99fb,1405.279,1412.911,7.632624999999962
eztv.re,outerwear,99a5b9a4,933.683,941.190,7.507499999999936
eztv.re,outerwear,dc85df4e,646.771,654.154,7.382375000000025
eztv.re,outerwear,b45160f6,933.808,941.190,7.382375000000025
eztv.re,outerwear,a9a80d3f,1177.551,1184.934,7.382374999999911
eztv.re,outerwear,349a7a4f,1293.167,1300.424,7.257250000000113
eztv.re,outerwear,38a487dd,435.810,443.068,7.257249999999999
eztv.re,outerwear,4e8865f6,1310.434,1316.565,6.131125000000111
eztv.re,outerwear,3bba3da7,1248.873,1255.004,6.131125000000111
eztv.re,outerwear,64ca3080,798.798,804.804,6.005999999999972
eztv.re,outerwear,0fbaa8f8,164.414,170.295,5.880875000000003
eztv.re,outerwear,25a3e05e,1399.273,1405.154,5.880874999999833
eztv.re,outerwear,80590f85,899.023,904.278,5.255249999999933
eztv.re,outerwear,b615973f,899.023,904.278,5.255249999999933
eztv.re,outerwear,570c0ad7,477.352,482.482,5.130125000000021
eztv.re,outerwear,ff4fd4d8,1036.911,1042.041,5.130124999999907
eztv.re,outerwear,9b528fd2,1212.461,1217.466,5.004999999999882
eztv.re,outerwear,28a6e60b,304.054,308.934,4.879875000000027
eztv.re,outerwear,2d790c4d,86.837,91.717,4.879874999999998
eztv.re,outerwear,c42ce3b7,956.330,961.210,4.87987499999997
eztv.re,outerwear,7a9eb6f2,996.621,1001.500,4.87987499999997
eztv.re,outerwear,2c892b59,1083.082,1087.962,4.879874999999856
eztv.re,outerwear,08fdb197,879.128,883.883,4.754750000000058
eztv.re,outerwear,a3b65ebe,1059.684,1064.438,4.754750000000058
eztv.re,outerwear,d211aaac,1222.847,1227.601,4.754750000000058
eztv.re,outerwear,8fffb797,950.324,955.079,4.7547499999999445
eztv.re,outerwear,d1e2d986,950.449,955.079,4.629625000000033
eztv.re,outerwear,150bffac,591.216,595.845,4.629624999999919
eztv.re,outerwear,65c68af2,849.974,854.479,4.504500000000007
eztv.re,outerwear,324fa311,884.008,888.513,4.504500000000007
eztv.re,outerwear,05cdb35e,504.879,509.384,4.504500000000007
eztv.re,outerwear,3fb6040c,753.127,757.632,4.504500000000007
eztv.re,outerwear,a59141f1,665.915,670.420,4.504500000000007
eztv.re,outerwear,d1c9cb7c,888.638,893.142,4.504500000000007
eztv.re,outerwear,9a49ba1d,665.915,670.420,4.504500000000007
eztv.re,outerwear,2839b070,1320.945,1325.449,4.504500000000007
eztv.re,outerwear,9ace83f6,1701.700,1706.079,4.379374999999982
eztv.re,outerwear,87e628f4,329.329,333.583,4.254250000000013
eztv.re,outerwear,f5358b29,449.324,453.578,4.254250000000013
eztv.re,outerwear,a1465714,542.417,546.546,4.129125000000045
eztv.re,outerwear,06052257,633.758,637.887,4.129125000000045
eztv.re,outerwear,a17a9c14,1105.855,1109.984,4.129124999999931
eztv.re,outerwear,001afbf6,281.281,285.285,4.004000000000019
eztv.re,outerwear,8b7f4504,577.702,581.706,4.004000000000019
eztv.re,outerwear,3db48cad,207.833,211.837,4.003999999999991
eztv.re,outerwear,b7f8c55a,1931.680,1935.684,4.003999999999905
eztv.re,outerwear,d1f3acfc,1938.311,1942.190,3.8788750000001073
eztv.re,outerwear,4cdb63d5,1023.022,1026.901,3.8788749999999936
eztv.re,outerwear,59de768b,1307.431,1311.310,3.87887499999988
eztv.re,outerwear,3fb2e018,1401.025,1404.903,3.87887499999988
eztv.re,outerwear,e8f09706,532.657,536.411,3.753750000000082
eztv.re,outerwear,c701a8b0,1342.841,1346.595,3.753750000000082
eztv.re,outerwear,9432a9a6,494.869,498.623,3.753750000000025
eztv.re,outerwear,d575dfa8,2492.365,2496.119,3.7537499999998545
eztv.re,outerwear,ddec6255,1954.202,1957.831,3.6286250000000564
eztv.re,outerwear,7075fa53,573.072,576.701,3.6286250000000564
eztv.re,outerwear,e0cacb7e,1658.031,1661.535,3.503500000000031
eztv.re,outerwear,3746ee2c,1303.803,1307.306,3.503500000000031
eztv.re,outerwear,6f9fc3b7,1004.378,1007.882,3.503500000000031
eztv.re,outerwear,9b7b7449,824.073,827.577,3.5034999999999172
eztv.re,outerwear,28503161,2151.024,2154.402,3.378375000000233
eztv.re,outerwear,3efff70c,976.100,979.479,3.3783750000000055
eztv.re,outerwear,1a9b8b78,907.156,910.535,3.3783750000000055
eztv.re,outerwear,a81b531e,518.643,522.021,3.3783749999998918
eztv.re,outerwear,cb068a50,1677.551,1680.804,3.2532500000002074
eztv.re,outerwear,18390b33,976.225,979.479,3.2532500000000937
eztv.re,outerwear,7aeffde9,321.947,325.200,3.253250000000037
eztv.re,outerwear,0123bad2,854.604,857.857,3.25324999999998
eztv.re,outerwear,0b92c6dd,518.768,522.021,3.25324999999998
eztv.re,outerwear,133d9b11,1396.395,1399.648,3.25324999999998
eztv.re,outerwear,bb82188c,907.281,910.535,3.25324999999998
eztv.re,outerwear,0f9cea38,793.668,796.921,3.25324999999998
eztv.re,outerwear,ba5f1402,1346.720,1349.974,3.25324999999998
eztv.re,outerwear,0d15e3e6,2345.593,2348.721,3.128125000000182
eztv.re,outerwear,26f581f1,1169.168,1172.296,3.128125000000182
eztv.re,outerwear,933501f0,786.911,790.039,3.128125000000068
eztv.re,outerwear,3b1ed922,364.990,368.118,3.1281250000000114
eztv.re,outerwear,92abf799,364.990,368.118,3.1281250000000114
eztv.re,outerwear,88aef1dd,2214.587,2217.590,3.0030000000001564
eztv.re,outerwear,967b0eaa,773.523,776.526,3.0030000000000427
eztv.re,outerwear,87c9c813,562.437,565.440,3.0030000000000427
eztv.re,outerwear,b33d56d8,1023.898,1026.901,3.0030000000000427
eztv.re,outerwear,beef389d,471.721,474.724,3.002999999999986
eztv.re,coat,bda41f5b,626.626,643.768,17.142125000000078
eztv.re,coat,472c90ab,1042.416,1058.557,16.141124999999874
eztv.re,coat,aae60741,1916.790,1931.555,14.76475000000005
eztv.re,coat,48d34d7c,144.144,158.784,14.639624999999995
eztv.re,coat,b510f5c8,1042.291,1055.179,12.887875000000122
eztv.re,coat,f0492dbe,1942.315,1954.077,11.76175000000012
eztv.re,coat,3162beec,147.022,158.784,11.761750000000006
eztv.re,coat,93bd111a,548.798,559.559,10.760749999999916
eztv.re,coat,14b83fad,466.466,476.601,10.135125000000016
eztv.re,coat,faf3eab3,1027.026,1036.786,9.75974999999994
eztv.re,coat,f3182fd4,618.993,626.501,7.507499999999936
eztv.re,coat,7e0c3279,1763.387,1770.143,6.756750000000011
eztv.re,coat,8ee3a729,213.463,220.220,6.756750000000011
eztv.re,coat,4cfe95cd,670.545,677.302,6.756749999999897
eztv.re,coat,0975b258,269.769,276.401,6.6316249999999854
eztv.re,coat,61ec174e,1819.568,1825.574,6.0060000000000855
eztv.re,coat,7dad1993,2129.502,2135.508,6.005999999999858
eztv.re,coat,97f685f6,512.637,518.518,5.88087500000006
eztv.re,coat,13e98d17,2479.477,2485.233,5.755750000000262
eztv.re,coat,e4e9f92a,630.755,636.511,5.755750000000035
eztv.re,coat,f15c3122,476.726,482.482,5.755750000000035
eztv.re,coat,c322089d,728.478,733.983,5.505499999999984
eztv.re,coat,6b3e378e,893.518,898.898,5.380375000000072
eztv.re,coat,2e0c0f4a,831.706,837.086,5.380374999999958
eztv.re,coat,2b085c64,1263.763,1269.018,5.255249999999933
eztv.re,coat,98893e17,347.597,352.727,5.130125000000021
eztv.re,coat,a25b1f1d,304.054,308.934,4.879875000000027
eztv.re,coat,dbec8f0f,681.556,686.436,4.87987499999997
eztv.re,coat,f363607f,60.435,65.065,4.629624999999997
eztv.re,coat,5c39e406,686.561,691.065,4.504500000000007
eztv.re,coat,ba7659f7,504.879,509.384,4.504500000000007
eztv.re,coat,29cd109e,984.358,988.738,4.379374999999982
eztv.re,coat,af2da82c,1190.940,1195.194,4.254249999999956
eztv.re,coat,d1d9d5a0,614.739,618.868,4.129125000000045
eztv.re,coat,58cb1224,1191.065,1195.194,4.129124999999931
eztv.re,coat,61c0108e,1437.686,1441.690,4.004000000000133
eztv.re,coat,6c753bcb,608.107,612.111,4.004000000000019
eztv.re,coat,10c03538,1530.529,1534.408,3.8788750000001073
eztv.re,coat,5a3f2f80,179.679,183.558,3.878875000000022
eztv.re,coat,4aa25204,285.410,289.289,3.8788749999999936
eztv.re,coat,ba62f34b,1833.582,1837.461,3.87887499999988
eztv.re,coat,dd25b4c0,1693.442,1697.196,3.753750000000082
eztv.re,coat,c92398d2,1803.802,1807.556,3.753750000000082
eztv.re,coat,e7f057fc,740.990,744.619,3.6286250000000564
eztv.re,coat,8b46a2bb,2511.509,2515.138,3.628624999999829
eztv.re,coat,11a5c920,1747.371,1750.874,3.503500000000031
eztv.re,coat,3bf4a3b8,1747.371,1750.749,3.3783750000000055
eztv.re,coat,8b050a60,1611.485,1614.863,3.3783750000000055
eztv.re,coat,536c68ad,647.021,650.400,3.3783750000000055
eztv.re,coat,58db3e79,1756.880,1760.258,3.3783750000000055
eztv.re,coat,056be5b4,498.748,502.002,3.253250000000037
eztv.re,coat,1e58ad53,1707.831,1711.084,3.25324999999998
eztv.re,coat,383b7412,990.865,993.993,3.128125000000068
eztv.re,coat,93f35ff2,1681.305,1684.433,3.1281249999999545
eztv.re,coat,181a37bc,1231.981,1235.109,3.1281249999999545
eztv.re,coat,af231a0c,1681.305,1684.433,3.1281249999999545
eztv.re,coat,2e86efb7,1670.919,1673.922,3.0030000000001564
eztv.re,coat,fdf8a4cd,1808.306,1811.310,3.0030000000001564
eztv.re,coat,fe232645,2070.944,2073.947,3.0030000000001564
eztv.re,coat,153fc55f,491.741,494.744,3.0030000000000427
eztv.re,coat,e6e34906,1647.146,1650.149,3.002999999999929
eztv.re,coat,7bb6aed2,1166.290,1169.043,2.7527500000001055
eztv.re,coat,e0c196a6,394.769,397.522,2.752749999999992
eztv.re,coat,425fdc76,1967.591,1970.343,2.752749999999878
eztv.re,coat,e48a7682,1779.027,1781.780,2.752749999999878
eztv.re,coat,4602e5da,2361.609,2364.237,2.62762500000008
eztv.re,coat,61d672b9,697.822,700.450,2.6276249999999663
eztv.re,coat,8386a54f,383.258,385.885,2.6276249999999663
eztv.re,coat,9a8512cd,904.404,907.031,2.6276249999999663
eztv.re,coat,d05804f1,867.867,870.370,2.5025000000000546
eztv.re,coat,24b84e90,205.205,207.708,2.5024999999999977
eztv.re,coat,226ba1e0,660.910,663.288,2.377375000000029
eztv.re,coat,2115dfd6,2503.876,2506.254,2.377375000000029
eztv.re,coat,1ce3237b,1835.083,1837.461,2.377375000000029
eztv.re,coat,40bd7b69,2122.871,2125.248,2.377375000000029
eztv.re,coat,7e686863,663.413,665.790,2.377375000000029
eztv.re,coat,c5a09d41,196.321,198.698,2.3773750000000007
eztv.re,coat,f1a08526,161.912,164.289,2.3773750000000007
eztv.re,coat,3aeaa2e7,429.054,431.431,2.3773749999999723
eztv.re,coat,91c2de2e,352.853,355.230,2.3773749999999723
eztv.re,coat,13f0f053,2476.724,2479.102,2.3773749999995744
eztv.re,coat,747cb936,1479.353,1481.605,2.2522500000000036
eztv.re,coat,68ddcdc8,1316.690,1318.943,2.2522500000000036
eztv.re,coat,42563814,170.420,172.673,2.2522500000000036
eztv.re,coat,fb5c45fe,715.340,717.467,2.127125000000092
eztv.re,coat,5d478b55,186.436,188.563,2.1271250000000066
eztv.re,coat,8fbbe348,663.663,665.790,2.127124999999978
eztv.re,coat,f5ee8771,1160.659,1162.787,2.127124999999978
eztv.re,coat,e7a6ca88,1794.543,1796.670,2.127124999999978
eztv.re,coat,74394116,600.975,602.977,2.0020000000000664
eztv.re,coat,2720063d,316.691,318.693,2.0020000000000095
eztv.re,coat,ab3b66ce,319.820,321.822,2.0020000000000095
eztv.re,coat,a97cbdfe,632.507,634.509,2.0019999999999527
eztv.re,coat,1e68d32b,1271.896,1273.898,2.0019999999999527
eztv.re,coat,5caa1c29,1862.736,1864.738,2.0019999999999527
eztv.re,coat,b5f0e4b5,686.561,688.438,1.876875000000041
eztv.re,coat,37514abf,316.817,318.693,1.876874999999984
eztv.re,coat,7c8129b6,2079.828,2081.705,1.8768749999999272
eztv.re,coat,da6100d7,1835.083,1836.835,1.7517500000001291
eztv.re,coat,3bdf5e80,979.604,981.355,1.7517500000000155
eztv.re,tie,cc753508,417.792,428.928,11.136124999999993
eztv.re,tie,e9e6716b,1027.026,1036.786,9.75974999999994
eztv.re,tie,09f53b58,1027.026,1036.786,9.75974999999994
eztv.re,tie,44337af3,910.660,920.169,9.509500000000003
eztv.re,tie,4e9f0d56,1177.551,1184.934,7.382374999999911
eztv.re,tie,759e8b85,269.769,276.401,6.6316249999999854
eztv.re,tie,ba95acf4,2111.234,2117.490,6.256249999999909
eztv.re,tie,515033bc,935.059,941.190,6.131124999999997
eztv.re,tie,0e7ebf87,526.526,532.532,6.0060000000000855
eztv.re,tie,5507c47a,798.798,804.804,6.005999999999972
eztv.re,tie,fe62d49d,512.637,518.518,5.88087500000006
eztv.re,tie,a3108fdd,893.267,898.898,5.630625000000009
eztv.re,tie,ff1849a6,842.216,847.597,5.380375000000072
eztv.re,tie,d2cb5bcb,2130.879,2135.884,5.005000000000109
eztv.re,tie,f27ad14c,996.621,1001.500,4.87987499999997
eztv.re,tie,f5be055f,1222.847,1227.601,4.754750000000058
eztv.re,tie,974b78e9,2478.977,2483.731,4.7547499999996035
eztv.re,tie,070e4292,1763.512,1768.141,4.629625000000033
eztv.re,tie,a0b31c31,849.974,854.479,4.504500000000007
eztv.re,tie,84af27c6,884.008,888.513,4.504500000000007
eztv.re,tie,1348f49d,329.329,333.583,4.254250000000013
eztv.re,tie,5d89d027,291.166,295.420,4.254249999999956
eztv.re,tie,197d4470,542.417,546.546,4.129125000000045
eztv.re,tie,6c9166e6,608.107,612.111,4.004000000000019
eztv.re,tie,67e8a16c,285.410,289.289,3.8788749999999936
eztv.re,tie,b8cedb61,966.215,969.969,3.753750000000082
eztv.re,tie,b1999df0,1821.820,1825.574,3.753750000000082
eztv.re,tie,c8aa1716,1235.234,1238.988,3.753750000000082
eztv.re,tie,9ae02bce,536.536,540.290,3.753750000000082
eztv.re,tie,dd9efbac,532.657,536.411,3.753750000000082
eztv.re,tie,5104ec90,1734.983,1738.737,3.753750000000082
eztv.re,tie,187e454f,494.869,498.623,3.753750000000025
eztv.re,tie,1d3c8346,573.072,576.701,3.6286250000000564
eztv.re,tie,b60ec038,562.437,566.066,3.6286250000000564
eztv.re,tie,9f97979d,945.319,948.948,3.6286249999999427
eztv.re,tie,2fff5a2a,1747.371,1750.874,3.503500000000031
eztv.re,tie,b9583b6b,379.629,383.133,3.503499999999974
eztv.re,tie,b6d041b0,824.073,827.577,3.5034999999999172
eztv.re,tie,d3327e7e,1286.785,1290.164,3.3783750000000055
eztv.re,tie,d0c94f89,498.748,502.002,3.253250000000037
eztv.re,tie,39862f78,1346.720,1349.974,3.25324999999998
eztv.re,tie,4ae051cb,793.668,796.921,3.25324999999998
eztv.re,tie,74e7b13d,1169.168,1172.296,3.128125000000182
eztv.re,tie,4a7d96fe,1500.999,1504.128,3.128125000000182
eztv.re,tie,4e9000b9,2126.249,2129.377,3.128125000000182
eztv.re,tie,70fc8aaf,1300.549,1303.677,3.1281249999999545
eztv.re,tie,874f2196,2354.227,2357.230,3.0030000000001564
eztv.re,tie,4177c283,491.741,494.744,3.0030000000000427
eztv.re,tie,4d388e45,651.150,654.154,3.0030000000000427
eztv.re,tie,f1218ad3,1714.963,1717.966,3.002999999999929
eztv.re,tie,657b55f2,1647.271,1650.149,2.8778749999999036
eztv.re,tie,ac27378f,2070.944,2073.697,2.7527500000001055
eztv.re,tie,dfd7a634,2006.004,2008.757,2.7527500000001055
eztv.re,tie,dbecf5f1,811.686,814.439,2.752749999999992
eztv.re,tie,de96bf38,981.481,984.233,2.752749999999992
eztv.re,tie,4a8715bb,522.147,524.899,2.752749999999992
eztv.re,tie,e8417697,1013.262,1016.015,2.752749999999992
eztv.re,tie,412e4c01,295.545,298.298,2.752749999999992
eztv.re,tie,5b0d023d,2090.714,2093.341,2.62762500000008
eztv.re,tie,3339b086,1721.595,1724.223,2.62762500000008
eztv.re,tie,d9ee18a7,1803.802,1806.430,2.62762500000008
eztv.re,tie,e0a42caf,397.647,400.275,2.627625000000023
eztv.re,tie,8a7c38ef,502.127,504.754,2.627625000000023
eztv.re,tie,4af898ec,392.017,394.644,2.627625000000023
eztv.re,tie,c2c23da1,904.404,907.031,2.6276249999999663
eztv.re,tie,d0415a22,860.360,862.987,2.6276249999999663
eztv.re,tie,05ac4438,876.375,879.003,2.6276249999999663
eztv.re,tie,3b86f96a,1001.626,1004.253,2.6276249999999663
eztv.re,tie,eb9c03b3,697.822,700.450,2.6276249999999663
eztv.re,tie,0bde4fa7,1197.947,1200.574,2.6276249999998527
eztv.re,tie,30061884,1243.242,1245.745,2.5025000000000546
eztv.re,tie,7f82cb80,1281.030,1283.532,2.5025000000000546
eztv.re,tie,34cdf3e4,322.697,325.200,2.5024999999999977
eztv.re,tie,d4dd53a3,451.076,453.578,2.5024999999999977
eztv.re,tie,00b95277,956.330,958.833,2.502499999999941
eztv.re,tie,b9c628f2,578.828,581.331,2.502499999999941
eztv.re,tie,f96bc6db,1849.848,1852.225,2.377375000000029
eztv.re,tie,c3263d90,994.118,996.495,2.377375000000029
eztv.re,tie,e8e997c9,1731.355,1733.732,2.377375000000029
eztv.re,tie,30d2516a,1217.591,1219.969,2.377375000000029
eztv.re,tie,e5efd41e,1187.186,1189.563,2.377375000000029
eztv.re,tie,242094ee,1396.395,1398.772,2.377375000000029
eztv.re,tie,5a028b0d,370.745,373.123,2.3773749999999723
eztv.re,tie,e2919d31,352.853,355.230,2.3773749999999723
eztv.re,tie,22add74e,2122.871,2125.123,2.2522500000000036
eztv.re,tie,8553d075,977.226,979.479,2.2522500000000036
eztv.re,tie,112cb72d,1245.870,1248.122,2.2522500000000036
eztv.re,tie,7fae1275,1228.227,1230.479,2.2522500000000036
eztv.re,tie,ab4ba076,715.340,717.467,2.127125000000092
eztv.re,tie,4ca8b0f2,962.712,964.839,2.127124999999978
eztv.re,tie,4977695f,778.653,780.780,2.127124999999978
eztv.re,tie,c6fd9043,780.905,783.032,2.127124999999978
eztv.re,tie,303dfaad,1794.543,1796.670,2.127124999999978
eztv.re,tie,b70ddaaa,546.671,548.673,2.0020000000000664
eztv.re,tie,df68b926,319.820,321.822,2.0020000000000095
eztv.re,tie,7c527164,972.096,974.098,2.0019999999999527
eztv.re,tie,76bd91dd,1185.059,1187.061,2.0019999999999527
eztv.re,tie,ce38c2c4,1350.099,1352.101,2.0019999999999527
eztv.re,tie,1dddb557,1862.736,1864.738,2.0019999999999527
eztv.re,tie,e2fc0132,1670.794,1672.671,1.8768750000001546
eztv.re,dress,9811d9fe,2219.592,2241.990,22.39737500000001
eztv.re,dress,f4be3002,2229.853,2241.990,12.137125000000196
eztv.re,dress,feb4c09b,1428.552,1437.186,8.633625000000166
eztv.re,dress,9424e3b3,1437.311,1445.945,8.633625000000166
eztv.re,dress,bbd45b13,1428.552,1437.186,8.633625000000166
eztv.re,dress,d51f9937,1405.279,1413.537,8.25825000000009
eztv.re,dress,8e1bbbbf,1622.871,1629.753,6.881875000000036
eztv.re,dress,d8fa6044,2329.327,2336.209,6.881874999999582
eztv.re,dress,87279c9f,1763.387,1770.143,6.756750000000011
eztv.re,dress,75c1e156,2268.391,2274.773,6.3813749999999345
eztv.re,dress,a6abe102,2329.327,2335.208,5.880874999999833
eztv.re,dress,38665c92,618.993,624.749,5.755750000000035
eztv.re,dress,d34c59c5,2258.256,2263.887,5.6306250000002365
eztv.re,dress,78c4a071,1437.311,1442.816,5.505500000000211
eztv.re,dress,209cf155,359.359,364.865,5.5055000000000405
eztv.re,dress,2ece79cb,1440.939,1446.195,5.25525000000016
eztv.re,dress,8457e661,1437.436,1442.691,5.25525000000016
eztv.re,dress,d55deb55,1399.773,1405.029,5.255249999999933
eztv.re,dress,f2e32f53,2250.749,2255.628,4.879874999999629
eztv.re,dress,2ff8ad0f,2250.749,2255.628,4.879874999999629
eztv.re,dress,7fc5dd5c,1411.910,1416.665,4.754750000000058
eztv.re,dress,109b732d,1712.461,1717.090,4.629625000000033
eztv.re,dress,bd43b3cc,1459.208,1463.712,4.504500000000007
eztv.re,dress,317c92bd,1459.208,1463.712,4.504500000000007
eztv.re,dress,1b64a46d,1799.172,1803.677,4.504500000000007
eztv.re,dress,344c1dc5,1396.395,1400.774,4.379374999999982
eztv.re,dress,261e360b,1418.167,1422.421,4.254249999999956
eztv.re,dress,6274a0e8,1405.279,1409.408,4.129124999999931
eztv.re,dress,a9f9d263,1693.317,1697.196,3.8788750000001073
eztv.re,dress,b578da52,1566.940,1570.819,3.8788750000001073
eztv.re,dress,a45b1611,285.410,289.289,3.8788749999999936
eztv.re,dress,634a989b,1784.032,1787.786,3.753750000000082
eztv.re,dress,fd00b388,1437.686,1441.440,3.753750000000082
eztv.re,dress,3a119504,2224.973,2228.601,3.6286250000002838
eztv.re,dress,990eadc1,655.530,659.159,3.6286250000000564
eztv.re,dress,2a7f0677,1900.649,1904.277,3.628624999999829
eztv.re,dress,18831550,2221.344,2224.973,3.628624999999829
eztv.re,dress,ae5807e7,1747.371,1750.874,3.503500000000031
eztv.re,dress,0b4667ae,1574.198,1577.576,3.3783750000000055
eztv.re,dress,9e25cece,1563.437,1566.815,3.3783750000000055
eztv.re,dress,63abc2bf,2414.037,2417.415,3.378374999999778
eztv.re,dress,1c955151,1670.794,1673.922,3.128125000000182
eztv.re,dress,8d90399c,1799.548,1802.551,3.0030000000001564
eztv.re,dress,81d6fa40,581.831,584.834,3.0030000000000427
eztv.re,dress,7ba91563,273.523,276.401,2.8778749999999604
eztv.re,dress,790721a6,2015.514,2018.391,2.8778749999999036
eztv.re,dress,6f45023d,2015.514,2018.391,2.8778749999999036
eztv.re,dress,1f9697e7,1677.551,1680.304,2.7527500000001055
eztv.re,dress,64156b0b,586.336,589.088,2.752749999999992
eztv.re,dress,91d9df6a,1410.409,1413.162,2.752749999999878
eztv.re,dress,9aa8ab53,1414.038,1416.665,2.62762500000008
eztv.re,dress,ef4c8f91,1645.769,1648.397,2.62762500000008
eztv.re,dress,4d877f09,2053.552,2056.179,2.62762500000008
eztv.re,dress,240bb551,278.528,281.156,2.6276249999999663
eztv.re,dress,74feb4e8,2059.808,2062.310,2.5025000000000546
eztv.re,dress,9526ab96,1412.411,1414.914,2.5025000000000546
eztv.re,dress,18dddd30,1785.284,1787.786,2.5025000000000546
eztv.re,dress,07285f09,2059.933,2062.310,2.377375000000029
eztv.re,dress,15986536,2255.753,2258.131,2.377375000000029
eztv.re,dress,d1f9eb2e,314.189,316.566,2.377375000000029
eztv.re,dress,ce7fc865,1443.943,1446.195,2.2522500000000036
eztv.re,dress,69203418,2062.811,2065.063,2.2522500000000036
eztv.re,dress,633173e6,2248.371,2250.623,2.2522500000000036
eztv.re,dress,eb8efeb6,1740.238,1742.366,2.127124999999978
eztv.re,dress,a31d12e5,2077.200,2079.327,2.127124999999978
eztv.re,dress,589e2475,2041.039,2043.166,2.127124999999978
eztv.re,dress,dfc69d12,1690.564,1692.691,2.127124999999978
eztv.re,dress,88e34399,1780.904,1783.031,2.127124999999978
eztv.re,dress,7b6060bc,1847.471,1849.598,2.127124999999978
eztv.re,dress,7eff6e70,1682.306,1684.433,2.127124999999978
eztv.re,dress,47ff8fd9,1752.125,1754.253,2.127124999999978
eztv.re,dress,5df5d370,1801.675,1803.677,2.00200000000018
eztv.re,dress,cd7ba420,1336.460,1338.462,2.0019999999999527
eztv.re,dress,24ea208e,2013.386,2015.388,2.0019999999999527
eztv.re,dress,e932472d,1756.255,1758.256,2.0019999999999527
eztv.re,dress,61c3ff33,2051.049,2053.051,2.0019999999999527
eztv.re,dress,8e649f97,2114.112,2116.114,2.0019999999999527
eztv.re,dress,48cdc963,1396.395,1398.397,2.0019999999999527
eztv.re,dress,9d45178a,1646.270,1648.147,1.8768750000001546
eztv.re,dress,e15e2b75,1592.716,1594.593,1.8768750000001546
eztv.re,dress,a4c61782,1699.698,1701.575,1.8768749999999272
eztv.re,dress,a737b063,1781.029,1782.906,1.8768749999999272
eztv.re,dress,7faf0d04,1745.369,1747.245,1.8768749999999272
eztv.re,dress,70a99e75,1729.353,1731.229,1.8768749999999272
eztv.re,dress,94f33c3c,1770.769,1772.646,1.8768749999999272
eztv.re,dress,26a1e2de,1656.029,1657.906,1.8768749999999272
eztv.re,dress,dfb6bc71,2087.085,2088.962,1.8768749999999272
eztv.re,dress,63bd5010,2047.420,2049.172,1.7517500000001291
eztv.re,dress,78d72eb5,1740.489,1742.241,1.7517500000001291
eztv.re,dress,291a33ae,2047.420,2049.172,1.7517500000001291
eztv.re,dress,aecff214,587.587,589.339,1.7517500000000155
eztv.re,dress,a3241044,2342.340,2344.092,1.7517499999999018
eztv.re,dress,bc3ead52,2107.981,2109.733,1.7517499999999018
eztv.re,dress,55e41a35,2053.552,2055.303,1.7517499999999018
eztv.re,dress,1c435470,2059.808,2061.559,1.7517499999999018
eztv.re,dress,93d519b7,2108.231,2109.858,1.626625000000331
eztv.re,dress,86d310f8,1413.162,1414.788,1.6266250000001037
eztv.re,dress,f7080de4,1770.644,1772.271,1.6266250000001037
eztv.re,dress,d1585716,2047.420,2049.047,1.6266250000001037
eztv.re,dress,0855b270,1412.536,1414.163,1.6266249999998763
eztv.re,glasses,5b893a42,1877.876,1895.644,17.767749999999978
eztv.re,glasses,4cf90158,1027.026,1036.786,9.75974999999994
eztv.re,glasses,7c58781b,2463.586,2470.593,7.007000000000062
eztv.re,glasses,2951056f,1463.837,1470.844,7.0069999999998345
eztv.re,glasses,c3ffac81,933.683,940.189,6.50649999999996
eztv.re,glasses,877d4eac,934.809,941.190,6.381375000000048
eztv.re,glasses,c94df7b2,2322.946,2329.202,6.256250000000364
eztv.re,glasses,f29e8573,1605.479,1611.360,5.88087500000006
eztv.re,glasses,674b0318,2190.563,2196.444,5.880874999999833
eztv.re,glasses,b25430f9,1083.082,1087.962,4.879874999999856
eztv.re,glasses,0b74a05d,950.324,955.079,4.7547499999999445
eztv.re,glasses,c8c61d4b,966.215,969.969,3.753750000000082
eztv.re,glasses,9dbb822b,984.484,988.237,3.753749999999968
eztv.re,glasses,07057c45,945.319,948.948,3.6286249999999427
eztv.re,glasses,d434546c,2574.197,2577.825,3.628624999999829
eztv.re,glasses,9430926e,2316.940,2320.318,3.378375000000233
eztv.re,glasses,beb32f88,1629.878,1633.257,3.3783750000000055
eztv.re,glasses,6ea79969,341.216,344.344,3.1281250000000114
eztv.re,glasses,70df790e,1586.585,1589.463,2.8778749999999036
eztv.re,glasses,f3fd15fd,2204.327,2207.080,2.7527500000001055
eztv.re,glasses,862a3555,981.481,984.233,2.752749999999992
eztv.re,glasses,6675b645,1013.262,1016.015,2.752749999999992
eztv.re,glasses,a826b62f,956.330,959.083,2.752749999999992
eztv.re,glasses,717159e9,1582.206,1584.958,2.752749999999878
eztv.re,glasses,702b25f8,2199.322,2202.075,2.7527499999996508
eztv.re,glasses,37f4dabc,350.100,352.727,2.627625000000023
eztv.re,glasses,e8729a2d,1001.626,1004.253,2.6276249999999663
eztv.re,glasses,c9130772,2184.432,2186.935,2.5025000000000546
eztv.re,glasses,52e49b42,1776.024,1778.402,2.377375000000029
eztv.re,glasses,64c7d6ac,2668.416,2670.793,2.377375000000029
eztv.re,glasses,306f054e,2208.832,2211.209,2.377375000000029
eztv.re,glasses,5973ac3e,994.118,996.495,2.377375000000029
eztv.re,glasses,009a5af5,2417.540,2419.918,2.377375000000029
eztv.re,glasses,7ebe71f1,1594.718,1597.095,2.3773749999998017
eztv.re,glasses,fad57a4f,1600.224,1602.476,2.2522500000000036
eztv.re,glasses,cf3a8c84,962.712,964.839,2.127124999999978
eztv.re,glasses,fb47645a,1329.453,1331.455,2.0019999999999527
eztv.re,glasses,b8aad290,972.096,974.098,2.0019999999999527
eztv.re,glasses,d4f80a32,1402.901,1404.778,1.8768750000001546
eztv.re,glasses,8c8e62d5,1614.988,1616.865,1.8768750000001546
eztv.re,glasses,9d30d70e,988.863,990.740,1.8768749999999272
eztv.re,glasses,48aaa8f0,1619.368,1621.120,1.7517500000001291
eztv.re,glasses,19b992e7,2359.732,2361.484,1.7517499999999018
eztv.re,glasses,056314c5,990.865,992.491,1.62662499999999
eztv.re,glasses,dbc7fdc5,1327.701,1329.328,1.6266249999998763
eztv.re,glasses,d437f9ec,1454.954,1456.580,1.6266249999998763
eztv.re,glasses,7465961e,1091.716,1093.342,1.6266249999998763
eztv.re,glasses,98613745,2595.593,2597.095,1.5015000000003056
eztv.re,glasses,a73ba418,1868.992,1870.494,1.5015000000000782
eztv.re,glasses,36442408,1756.255,1757.756,1.5015000000000782
eztv.re,glasses,06b63b27,979.604,981.105,1.5015000000000782
eztv.re,glasses,583c36af,1008.007,1009.509,1.5015000000000782
eztv.re,glasses,84fc1456,242.242,243.744,1.5015000000000214
eztv.re,glasses,0fa08d37,1449.448,1450.949,1.5014999999998508
eztv.re,glasses,08fecd4e,1773.647,1775.023,1.3763750000000528
eztv.re,glasses,daf24d0e,1018.893,1020.269,1.3763750000000528
eztv.re,glasses,4bd0dd59,1577.701,1579.078,1.3763750000000528
eztv.re,glasses,b374845f,1850.474,1851.850,1.3763749999998254
eztv.re,glasses,4127783f,2540.913,2542.290,1.3763749999998254
eztv.re,glasses,39181953,2334.582,2335.834,1.2512500000002547
eztv.re,glasses,c324a977,2578.075,2579.327,1.2512500000002547
eztv.re,glasses,29374df1,1398.022,1399.273,1.2512500000000273
eztv.re,glasses,07400a51,961.335,962.587,1.2512500000000273
eztv.re,glasses,eb1e7c32,2184.682,2185.809,1.1261250000002292
eztv.re,glasses,408a4a3a,1446.320,1447.446,1.1261250000000018
eztv.re,glasses,1e71ac0d,1760.384,1761.510,1.1261250000000018
eztv.re,glasses,4e00a6fe,1784.533,1785.659,1.1261250000000018
eztv.re,glasses,17268a99,2644.517,2645.518,1.0010000000002037
eztv.re,glasses,982db43c,2216.589,2217.590,1.0010000000002037
eztv.re,glasses,34f0aeca,117.367,118.368,1.0010000000000048
eztv.re,glasses,0eb761b6,1090.590,1091.591,1.0009999999999764
eztv.re,glasses,5769e981,1099.849,1100.850,1.0009999999999764
eztv.re,glasses,818e3500,373.248,374.249,1.0009999999999764
eztv.re,glasses,97628767,955.204,956.205,1.0009999999999764
eztv.re,glasses,d0134281,2333.581,2334.582,1.000999999999749
eztv.re,glasses,eea3457a,1077.702,1078.578,0.8758750000001783
eztv.re,glasses,840d38e5,976.851,977.727,0.8758750000000646
eztv.re,glasses,f1488f34,1953.201,1954.077,0.8758749999999509
eztv.re,glasses,eee67204,1333.707,1334.583,0.8758749999999509
eztv.re,glasses,51a86ad4,1858.857,1859.733,0.8758749999999509
eztv.re,glasses,453ba4fc,960.334,961.210,0.8758749999999509
eztv.re,glasses,8e5671ec,2342.465,2343.341,0.8758749999997235
eztv.re,glasses,4b7a44bf,2572.195,2573.070,0.8758749999997235
eztv.re,glasses,110656c0,1325.574,1326.325,0.7507500000001528
eztv.re,glasses,d803c3ee,965.214,965.965,0.7507500000000391
eztv.re,glasses,a5e2a2ee,1321.570,1322.321,0.7507499999999254
eztv.re,glasses,79e00d91,976.100,976.851,0.7507499999999254
eztv.re,glasses,62a8338e,926.926,927.677,0.7507499999999254
eztv.re,glasses,9bda7630,2129.753,2130.503,0.750749999999698
eztv.re,glasses,083e776d,2641.013,2641.639,0.6256250000001273
eztv.re,glasses,c3ecb9c5,2573.321,2573.946,0.6256250000001273
eztv.re,glasses,ff9ae092,2401.399,2402.025,0.6256250000001273
eztv.re,glasses,84516db7,2461.334,2461.959,0.6256250000001273
eztv.re,glasses,efb17402,2215.839,2216.464,0.6256250000001273
eztv.re,glasses,4182d98a,955.204,955.830,0.6256250000000136
eztv.re,glasses,22ed72de,1023.648,1024.273,0.6256250000000136
eztv.re,glasses,56b71257,1582.206,1582.831,0.6256249999999
eztv.re,glasses,24411f53,1327.701,1328.327,0.6256249999999
eztv.re,glasses,da5e36bc,2387.885,2388.386,0.5005000000001019
eztv.re,glasses,d7f796ab,2343.341,2343.841,0.5005000000001019
eztv.re,furniture,51e457c5,1125.750,1133.132,7.382375000000138
eztv.re,furniture,76301f95,1129.879,1137.011,7.13212499999986
eztv.re,furniture,9f73ccfc,152.653,158.784,6.131124999999997
eztv.re,furniture,8575c01e,798.798,804.804,6.005999999999972
eztv.re,furniture,6d4f60ac,1137.011,1142.516,5.505499999999984
eztv.re,furniture,78e09d46,728.603,733.983,5.380374999999958
eztv.re,furniture,611b94e0,815.189,819.318,4.129124999999931
eztv.re,furniture,4e707f05,1127.001,1130.880,3.8788750000001073
eztv.re,furniture,c454589a,1895.769,1899.398,3.6286250000000564
eztv.re,furniture,2292a3f5,718.968,722.597,3.6286249999999427
eztv.re,furniture,1120c935,747.747,751.250,3.503500000000031
eztv.re,furniture,9a5a4e3e,747.747,751.250,3.503500000000031
eztv.re,furniture,cffe4090,747.747,751.250,3.503500000000031
eztv.re,furniture,3de617ff,824.073,827.577,3.5034999999999172
eztv.re,furniture,2b59de3c,1907.906,1911.284,3.3783750000000055
eztv.re,furniture,7addaeb2,793.668,796.921,3.25324999999998
eztv.re,furniture,2b9b595a,816.691,819.819,3.1281249999999545
eztv.re,furniture,fb0ed251,1123.998,1127.001,3.002999999999929
eztv.re,furniture,c57923ca,735.109,737.987,2.8778750000000173
eztv.re,furniture,b24a861f,808.808,811.561,2.752749999999992
eztv.re,furniture,4a5a301d,811.686,814.439,2.752749999999992
eztv.re,furniture,47e3ab6d,1854.227,1856.855,2.62762500000008
eztv.re,furniture,5cc04132,728.853,731.356,2.5025000000000546
eztv.re,furniture,a721afe4,1172.421,1174.924,2.502499999999827
eztv.re,furniture,5b777447,805.054,807.307,2.2522500000000036
eztv.re,furniture,162ec3b5,1367.741,1369.994,2.2522500000000036
eztv.re,furniture,b9e87187,285.660,287.788,2.127125000000035
eztv.re,furniture,e00cb264,700.575,702.702,2.127124999999978
eztv.re,furniture,5c67bfde,300.050,302.177,2.127124999999978
eztv.re,furniture,8d14d6ed,654.904,657.031,2.127124999999978
eztv.re,furniture,54c73dc4,742.492,744.619,2.127124999999978
eztv.re,furniture,3878af55,778.653,780.780,2.127124999999978
eztv.re,furniture,ba34c113,154.655,156.782,2.127124999999978
eztv.re,furniture,a8452f27,762.887,764.889,2.0020000000000664
eztv.re,furniture,6659b329,443.818,445.820,2.0020000000000095
eztv.re,furniture,fe47654a,443.818,445.820,2.0020000000000095
eztv.re,furniture,9f61d6dd,443.818,445.820,2.0020000000000095
eztv.re,furniture,9ad7b9b4,1271.896,1273.898,2.0019999999999527
eztv.re,furniture,57053346,821.946,823.948,2.0019999999999527
eztv.re,furniture,c2fb9973,819.944,821.821,1.876875000000041
eztv.re,furniture,fbe5f404,309.059,310.936,1.876875000000041
eztv.re,furniture,5fe91b4e,700.700,702.577,1.8768749999999272
eztv.re,furniture,8c635459,2336.334,2338.086,1.7517500000003565
eztv.re,furniture,ff41223a,443.818,445.570,1.7517500000000155
eztv.re,furniture,07ec0c5e,1538.662,1540.414,1.7517499999999018
eztv.re,furniture,58236a0c,788.413,790.039,1.62662499999999
eztv.re,furniture,bfff65e2,721.596,723.222,1.62662499999999
eztv.re,furniture,f37ee112,746.245,747.622,1.3763750000000528
eztv.re,furniture,25608ba6,804.929,806.306,1.3763750000000528
eztv.re,furniture,2d56b99a,1266.765,1268.142,1.3763750000000528
eztv.re,furniture,9b7c51de,1422.671,1424.048,1.3763749999998254
eztv.re,furniture,fbffff22,2490.613,2491.864,1.2512500000002547
eztv.re,furniture,a170da4e,2336.334,2337.585,1.2512500000002547
eztv.re,furniture,cd10c9c0,706.206,707.457,1.2512500000000273
eztv.re,furniture,ac2488ca,1258.883,1260.134,1.2512500000000273
eztv.re,furniture,b3dded88,134.134,135.385,1.2512500000000273
eztv.re,furniture,b8ad0945,2149.773,2151.024,1.2512499999998
eztv.re,furniture,e277d6ea,1915.414,1916.665,1.2512499999998
eztv.re,furniture,b8944b51,807.557,808.683,1.1261250000000018
eztv.re,furniture,43c51567,1534.658,1535.784,1.1261250000000018
eztv.re,furniture,931d0a27,745.119,746.245,1.1261250000000018
eztv.re,furniture,183c085e,63.188,64.189,1.0010000000000048
eztv.re,furniture,82f1b160,1264.388,1265.389,1.0009999999999764
eztv.re,furniture,ca0454e6,707.707,708.708,1.0009999999999764
eztv.re,furniture,0082d084,1864.988,1865.989,1.0009999999999764
eztv.re,furniture,a896f2e0,1360.860,1361.861,1.0009999999999764
eztv.re,furniture,28382e7a,743.368,744.244,0.8758750000000646
eztv.re,furniture,22ddac8d,309.059,309.935,0.8758750000000077
eztv.re,furniture,a2d605f4,707.832,708.708,0.8758749999999509
eztv.re,furniture,3edc7cc8,1173.923,1174.799,0.8758749999999509
eztv.re,furniture,ef5f3e6a,712.837,713.588,0.7507500000000391
eztv.re,furniture,44a8e035,67.067,67.818,0.7507500000000107
eztv.re,furniture,9a1def12,1479.228,1479.978,0.7507499999999254
eztv.re,furniture,8e0dd19e,1365.990,1366.615,0.6256250000001273
eztv.re,furniture,cd883821,1534.533,1535.159,0.6256250000001273
eztv.re,furniture,928c5ee8,1257.882,1258.507,0.6256250000001273
eztv.re,furniture,27848588,1622.996,1623.622,0.6256250000001273
eztv.re,furniture,a5e815d4,814.564,815.189,0.6256250000000136
eztv.re,furniture,6a1bbe32,130.005,130.631,0.6256250000000136
eztv.re,furniture,674436c4,719.594,720.220,0.6256250000000136
eztv.re,furniture,a63c40bf,116.241,116.867,0.6256249999999994
eztv.re,furniture,4285647c,77.828,78.453,0.6256249999999994
eztv.re,furniture,a70fa49b,1862.110,1862.611,0.5005000000001019
eztv.re,furniture,c1089437,1643.267,1643.767,0.5005000000001019
eztv.re,furniture,668a834a,78.078,78.579,0.5005000000000024
eztv.re,furniture,944af50e,761.260,761.761,0.5004999999999882
eztv.re,furniture,2731d2b6,112.863,113.363,0.5004999999999882
eztv.re,furniture,6a73c84a,219.720,220.220,0.5004999999999882
eztv.re,furniture,99480e9f,1307.431,1307.932,0.5004999999998745
eztv.re,furniture,662b76fa,821.446,821.821,0.3753750000000764
eztv.re,furniture,55fc2e17,1534.533,1534.908,0.3753750000000764
eztv.re,furniture,83b3f43c,318.318,318.693,0.37537500000001955
eztv.re,furniture,2232f946,95.971,96.346,0.37537499999999113
eztv.re,furniture,b8f6f87b,744.869,745.245,0.3753749999999627
eztv.re,furniture,ab9e3630,744.244,744.619,0.3753749999999627
eztv.re,furniture,a0e471fc,726.226,726.601,0.3753749999999627
eztv.re,furniture,830af070,1258.257,1258.632,0.375374999999849
eztv.re,furniture,24072770,1626.875,1627.126,0.25025000000005093
eztv.re,furniture,0509fa45,2149.773,2150.023,0.25025000000005093
eztv.re,furniture,1a379a87,745.495,745.745,0.25025000000005093
eztv.re,jacket,85ad06be,763.137,776.401,13.263249999999971
eztv.re,jacket,0a4d0bc6,1099.849,1109.734,9.884874999999965
eztv.re,jacket,7b63419f,2569.817,2577.950,8.133124999999836
eztv.re,jacket,38a70177,247.748,255.130,7.382374999999996
eztv.re,jacket,2307c78e,2478.476,2485.858,7.3823749999996835
eztv.re,jacket,5a1ac36b,1471.095,1478.352,7.257250000000113
eztv.re,jacket,eb01e576,172.798,179.554,6.7567499999999825
eztv.re,jacket,3c82f092,831.706,837.086,5.380374999999958
eztv.re,jacket,ae36a522,814.564,819.819,5.255249999999933
eztv.re,jacket,4dd5287c,347.722,352.727,5.0049999999999955
eztv.re,jacket,f7f7c7e8,2169.668,2174.422,4.754750000000058
eztv.re,jacket,a06f94dc,2169.668,2174.422,4.754750000000058
eztv.re,jacket,380187ac,702.827,707.582,4.7547499999999445
eztv.re,jacket,e617a503,863.112,867.492,4.379374999999982
eztv.re,jacket,a035daa6,2175.924,2180.178,4.254249999999956
eztv.re,jacket,85516af1,734.108,738.363,4.254249999999956
eztv.re,jacket,b5da73fb,2175.924,2180.178,4.254249999999956
eztv.re,jacket,aae83390,457.457,461.211,3.753750000000025
eztv.re,jacket,cce61387,1094.343,1097.972,3.6286250000000564
eztv.re,jacket,47b35c96,1504.628,1508.257,3.6286250000000564
eztv.re,jacket,d1b05015,1629.878,1633.382,3.503500000000031
eztv.re,jacket,46e5dbdd,2184.432,2187.560,3.128125000000182
eztv.re,jacket,89bbf2cf,757.757,760.760,3.0030000000000427
eztv.re,jacket,9a1bc8c7,867.617,870.620,3.002999999999929
eztv.re,jacket,31b154ed,867.617,870.620,3.002999999999929
eztv.re,jacket,0d9976ac,1482.481,1485.484,3.002999999999929
eztv.re,jacket,63e96a2d,808.808,811.561,2.752749999999992
eztv.re,jacket,c36fe3eb,394.894,397.522,2.627625000000023
eztv.re,jacket,7dceaff1,787.537,790.039,2.5025000000000546
eztv.re,jacket,bbe85dd4,745.119,747.622,2.5025000000000546
eztv.re,jacket,892ce782,1175.049,1177.426,2.377375000000029
eztv.re,jacket,194d7562,1515.514,1517.891,2.377375000000029
eztv.re,jacket,303372c9,804.929,807.307,2.377375000000029
eztv.re,jacket,2a834cda,2504.127,2506.254,2.127124999999978
eztv.re,jacket,8b31e146,821.946,823.948,2.0019999999999527
eztv.re,jacket,a5184da7,1202.201,1204.078,1.8768749999999272
eztv.re,jacket,06546d61,1329.578,1331.455,1.8768749999999272
eztv.re,jacket,ffc03acb,1536.910,1538.537,1.6266250000001037
eztv.re,jacket,157c94bb,1636.760,1638.262,1.5015000000000782
eztv.re,jacket,3d2fa1d3,838.963,840.465,1.5014999999999645
eztv.re,jacket,9a1c7989,1497.496,1498.997,1.5014999999998508
eztv.re,jacket,d68efd10,1200.699,1202.076,1.3763750000000528
eztv.re,jacket,24d72837,1423.797,1425.174,1.3763749999998254
eztv.re,jacket,1a0c1c89,2166.915,2168.166,1.2512500000002547
eztv.re,jacket,d9f1822f,830.330,831.581,1.2512499999999136
eztv.re,jacket,d966ee71,2167.040,2168.166,1.1261250000002292
eztv.re,jacket,9bb19803,785.159,786.285,1.1261250000000018
eztv.re,jacket,b433d378,712.712,713.588,0.8758750000000646
eztv.re,jacket,ebc849ac,783.908,784.784,0.8758749999999509
eztv.re,jacket,849386d9,859.484,860.234,0.7507500000000391
eztv.re,jacket,f36b61e7,871.871,872.622,0.7507500000000391
eztv.re,jacket,c846717d,783.533,784.033,0.5004999999999882
eztv.re,jacket,e5599a68,1537.786,1538.287,0.5004999999998745
eztv.re,jacket,10e9bef9,838.963,839.338,0.3753749999999627
eztv.re,jacket,9f0fc797,836.210,836.461,0.25025000000005093
eztv.re,jacket,39477689,397.272,397.522,0.2502499999999941
eztv.re,suit,fed3a0e4,1895.769,1907.781,12.011999999999944
eztv.re,suit,ff665d28,1896.895,1905.779,8.883874999999989
eztv.re,suit,f2e9bc80,238.363,246.746,8.383375000000001
eztv.re,suit,852b8fbd,1508.382,1515.389,7.007000000000062
eztv.re,suit,b242645f,1485.734,1491.740,6.0060000000000855
eztv.re,suit,69136425,2111.359,2116.865,5.505500000000211
eztv.re,suit,cedef1e5,1499.248,1504.503,5.255249999999933
eztv.re,suit,d0e17a16,1844.342,1849.598,5.255249999999933
eztv.re,suit,5e5ab5a8,2117.615,2122.746,5.130125000000135
eztv.re,suit,9b4f7b65,681.556,686.436,4.87987499999997
eztv.re,suit,ed18e55e,1770.268,1775.023,4.754750000000058
eztv.re,suit,ca27bc47,2486.109,2490.363,4.254249999999956
eztv.re,suit,da087f93,2125.373,2129.377,4.003999999999905
eztv.re,suit,618d1ad2,1911.409,1915.288,3.8788750000001073
eztv.re,suit,eabebc42,1623.121,1626.875,3.753750000000082
eztv.re,suit,9e3a5b88,379.629,383.133,3.503499999999974
eztv.re,suit,926335f5,379.629,383.133,3.503499999999974
eztv.re,suit,9737ba3b,1626.375,1629.753,3.3783750000000055
eztv.re,suit,3d8a68c3,1570.944,1574.072,3.1281249999999545
eztv.re,suit,0c877d0f,2354.227,2357.230,3.0030000000001564
eztv.re,suit,f098c6cc,1586.585,1589.463,2.8778749999999036
eztv.re,suit,b48b0b2e,1582.206,1584.958,2.752749999999878
eztv.re,suit,1598722c,392.017,394.644,2.627625000000023
eztv.re,suit,3bcd47a0,1849.723,1852.225,2.5025000000000546
eztv.re,suit,829e9a7e,370.745,373.123,2.3773749999999723
eztv.re,suit,3b5f66d9,352.853,355.230,2.3773749999999723
eztv.re,suit,0bd2ba60,1716.089,1718.342,2.2522500000000036
eztv.re,suit,7568af67,1239.113,1241.365,2.2522500000000036
eztv.re,suit,76e32fb7,1645.644,1647.771,2.127124999999978
eztv.re,suit,f05b830c,1530.904,1532.906,2.0019999999999527
eztv.re,suit,f5d082e7,972.346,974.098,1.7517500000000155
eztv.re,suit,aba6dbec,2093.591,2095.343,1.7517499999999018
eztv.re,suit,4d030ffa,2091.590,2093.341,1.7517499999999018
eztv.re,suit,5f27a55f,2490.613,2492.240,1.626625000000331
eztv.re,suit,61394d1e,1761.635,1763.262,1.6266250000001037
eztv.re,suit,0b52771c,1518.016,1519.518,1.5015000000000782
eztv.re,suit,cfdc6899,2140.639,2142.140,1.5014999999998508
eztv.re,suit,8385b2dd,1449.448,1450.949,1.5014999999998508
eztv.re,suit,fd673080,2499.872,2501.249,1.3763750000002801
eztv.re,suit,0fe95f74,1577.701,1579.078,1.3763750000000528
eztv.re,suit,2659e93f,1869.117,1870.494,1.3763750000000528
eztv.re,suit,6373d77c,1732.481,1733.732,1.2512500000000273
eztv.re,suit,3e26c2b3,2168.291,2169.542,1.2512499999998
eztv.re,suit,1e3bd1e3,2174.547,2175.799,1.2512499999998
eztv.re,suit,e902665f,1727.601,1728.727,1.1261250000000018
eztv.re,suit,b6fdb95e,926.551,927.677,1.1261250000000018
eztv.re,suit,95387c43,1592.716,1593.842,1.1261250000000018
eztv.re,suit,15c2e8b0,967.216,968.217,1.00100000000009
eztv.re,suit,2b0ddd50,1597.221,1598.222,1.0009999999999764
eztv.re,suit,043be42e,2399.022,2399.898,0.8758750000001783
eztv.re,suit,ae30e315,2395.268,2396.144,0.8758750000001783
eztv.re,suit,a22b9fea,1723.096,1723.972,0.8758749999999509
eztv.re,suit,14a50360,2496.244,2497.120,0.8758749999997235
eztv.re,suit,8d896ac4,2105.729,2106.604,0.8758749999997235
eztv.re,suit,85a0fed4,2496.244,2497.120,0.8758749999997235
eztv.re,suit,0ede5f6e,221.721,222.472,0.7507500000000107
eztv.re,suit,846b77c8,1775.148,1775.899,0.7507499999999254
eztv.re,suit,342fa03e,1732.981,1733.732,0.7507499999999254
eztv.re,suit,77113166,1604.603,1605.354,0.7507499999999254
eztv.re,suit,666b5e4c,1775.148,1775.899,0.7507499999999254
eztv.re,suit,b35facc9,2508.256,2508.881,0.6256250000001273
eztv.re,suit,2286a97f,1462.586,1463.212,0.6256249999999
eztv.re,suit,47db8016,2166.289,2166.790,0.5005000000001019
eztv.re,suit,07cda750,2110.608,2111.109,0.5005000000001019
eztv.re,suit,f825d5e0,2380.003,2380.253,0.25025000000005093
eztv.re,suit,c9e986f3,1648.522,1648.772,0.25025000000005093
eztv.re,suit,02c89c58,378.003,378.253,0.2502499999999941
eztv.re,suit,6b1f9998,1718.342,1718.467,0.12512500000002547
eztv.re,suit,a3af7e85,947.071,947.196,0.12512499999991178
eztv.re,table,7e5d3f1f,1373.247,1379.128,5.88087500000006
eztv.re,table,c0d4d15f,769.269,774.399,5.130125000000021
eztv.re,table,16f299f1,1373.872,1378.252,4.379374999999982
eztv.re,table,b1a24d98,348.723,352.727,4.004000000000019
eztv.re,table,593715db,53.804,57.808,4.003999999999998
eztv.re,table,22425ec2,53.804,57.808,4.003999999999998
eztv.re,table,6bc24e99,235.986,239.990,4.003999999999991
eztv.re,table,416ec4cc,1645.269,1649.022,3.753750000000082
eztv.re,table,48f798d4,734.859,738.363,3.503500000000031
eztv.re,table,07640790,786.411,789.789,3.3783750000000055
eztv.re,table,3bf29615,54.680,57.808,3.128124999999997
eztv.re,table,5ce46db5,1335.834,1338.838,3.0030000000001564
eztv.re,table,10c2ab58,394.769,397.522,2.752749999999992
eztv.re,table,beedfc6e,1690.439,1693.066,2.62762500000008
eztv.re,table,b103b734,325.325,327.827,2.5024999999999977
eztv.re,table,7bf6d5d1,1684.558,1686.935,2.377375000000029
eztv.re,table,e0d1da48,368.243,370.620,2.3773749999999723
eztv.re,table,7f0d14be,368.243,370.620,2.3773749999999723
eztv.re,table,5134a7ae,338.964,341.091,2.127125000000035
eztv.re,table,bf27cdbc,338.964,341.091,2.127125000000035
eztv.re,table,a2bc1247,338.964,341.091,2.127125000000035
eztv.re,table,f1b6f61d,357.232,359.234,2.0020000000000095
eztv.re,table,84306bbc,357.232,359.234,2.0020000000000095
eztv.re,table,554ac342,357.232,359.234,2.0020000000000095
eztv.re,table,7b3fe252,357.232,359.234,2.0020000000000095
eztv.re,table,77af1199,1274.774,1276.775,2.0019999999999527
eztv.re,table,155186f3,1645.769,1647.521,1.7517499999999018
eztv.re,table,7f6465ae,1538.662,1540.414,1.7517499999999018
eztv.re,table,0ee5fc3d,745.870,747.497,1.62662499999999
eztv.re,table,fe7bcd41,797.046,798.673,1.62662499999999
eztv.re,table,61b0e7f0,378.003,379.504,1.5014999999999645
eztv.re,table,f57645bc,378.003,379.504,1.5014999999999645
eztv.re,table,9808a4a1,344.469,345.720,1.2512499999999704
eztv.re,table,32dfb6f0,792.292,793.418,1.1261250000000018
eztv.re,table,90b80ddb,307.808,308.934,1.1261250000000018
eztv.re,table,819fb1b2,790.540,791.541,1.0009999999999764
eztv.re,table,fc509566,762.887,763.888,1.0009999999999764
eztv.re,table,da800c6a,711.586,712.462,0.8758750000000646
eztv.re,table,0117dc2a,346.596,347.472,0.8758750000000077
eztv.re,table,c524a234,346.596,347.472,0.8758750000000077
eztv.re,table,e35c4d61,357.232,358.108,0.8758750000000077
eztv.re,table,99d1d810,384.009,384.885,0.8758750000000077
eztv.re,table,52ee4262,786.536,787.287,0.7507500000000391
eztv.re,table,09deda6b,239.239,239.990,0.7507499999999823
eztv.re,table,c2bdad26,2450.198,2450.823,0.6256250000001273
eztv.re,table,5ec8f1ea,1648.647,1649.273,0.6256250000001273
eztv.re,table,f593c6e9,589.464,590.090,0.6256250000000136
eztv.re,table,1583d4b8,1256.005,1256.630,0.6256249999999
eztv.re,table,b209eab8,346.972,347.472,0.5004999999999882
eztv.re,table,b9652a92,761.135,761.511,0.3753750000000764
eztv.re,table,4af023eb,378.003,378.378,0.3753749999999627
eztv.re,table,db0a0f9a,1645.519,1645.769,0.25025000000005093
eztv.re,table,0db32e99,1647.521,1647.771,0.25025000000005093
eztv.re,table,4879c019,378.003,378.253,0.2502499999999941
eztv.re,table,3b5367a9,240.240,240.490,0.2502499999999941
eztv.re,table,e22f28a2,347.097,347.347,0.2502499999999941
eztv.re,table,f0fdcdc4,388.138,388.263,0.12512500000002547
eztv.re,table,6caf0734,281.031,281.156,0.12512499999996862
eztv.re,display device,1308f3dd,2862.985,2884.882,21.89687499999991
eztv.re,display device,c418975a,2949.572,2963.586,14.014000000000124
eztv.re,display device,dbac3634,2887.134,2899.021,11.886875000000146
eztv.re,display device,1bfa235d,2965.713,2975.598,9.884874999999738
eztv.re,display device,dbbf74bf,2927.425,2937.309,9.884874999999738
eztv.re,display device,9a55c55b,2977.725,2983.606,5.880875000000287
eztv.re,display device,5790cd67,2901.148,2907.029,5.880874999999833
eztv.re,display device,57abb657,263.263,266.641,3.3783750000000055
eztv.re,display device,02227909,2922.920,2925.172,2.2522500000000036
eztv.re,display device,090dcac6,2919.291,2921.168,1.876875000000382
eztv.re,display device,5b7c3af2,2915.287,2917.164,1.8768749999999272
eztv.re,display device,82482c8a,2909.281,2911.158,1.8768749999999272
eztv.re,backpack,d7482d2e,626.626,642.392,15.765750000000025
eztv.re,backpack,94c0069b,617.116,618.743,1.62662499999999
eztv.re,backpack,cf1a8114,617.867,618.868,1.0009999999999764
eztv.re,couch,b3899570,762.887,776.526,13.638625000000047
eztv.re,rays and skates,63050b07,36.536,40.541,4.004000000000005
